Workbook

Sheet データ
A1: 計測震度 | B1: 全壊率 | C1: 全半壊率 | D1: 一部損壊以上率 | E1: 全壊率 | F1: 全半壊率 | G1: 一部損壊以上率
A2: 4.5 | B2: 0 | C2: 0 | D2: 0.32 | E2: =B2/100 -> 0 | F2: =C2/100 -> 0 | G2: =D2/100 -> 0.0032
A3: 4.6 | B3: 0 | C3: 0 | D3: 0.32 | E3: =B3/100 -> 0 | F3: =C3/100 -> 0 | G3: =D3/100 -> 0.0032
A4: 4.7 | B4: 0 | C4: 0 | D4: 0.27 | E4: =B4/100 -> 0 | F4: =C4/100 -> 0 | G4: =D4/100 -> 0.0027
A5: 4.8 | B5: 0 | C5: 0 | D5: 0.03 | E5: =B5/100 -> 0 | F5: =C5/100 -> 0 | G5: =D5/100 -> 0.0003
A6: 4.9 | B6: 0 | C6: 0 | D6: 0.35 | E6: =B6/100 -> 0 | F6: =C6/100 -> 0 | G6: =D6/100 -> 0.0035
A7: 5 | B7: 0 | C7: 0 | D7: 0.82 | E7: =B7/100 -> 0 | F7: =C7/100 -> 0 | G7: =D7/100 -> 0.0082
A8: 5.1 | B8: 0 | C8: 0.05 | D8: 0.42 | E8: =B8/100 -> 0 | F8: =C8/100 -> 0.0005 | G8: =D8/100 -> 0.0042
A9: 5.2 | B9: 0 | C9: 0.11 | D9: 1.45 | E9: =B9/100 -> 0 | F9: =C9/100 -> 0.0011 | G9: =D9/100 -> 0.0145
A10: 5.3 | B10: 0.02 | C10: 0.06 | D10: 5.29 | E10: =B10/100 -> 0.0002 | F10: =C10/100 -> 0.0006 | G10: =D10/100 -> 0.0529
A11: 5.4 | B11: 0 | C11: 0 | D11: 5.06 | E11: =B11/100 -> 0 | F11: =C11/100 -> 0 | G11: =D11/100 -> 0.0506
A12: 5.5 | B12: 0.05 | C12: 0.61 | D12: 11.54 | E12: =B12/100 -> 0.0005 | F12: =C12/100 -> 0.0061 | G12: =D12/100 -> 0.1154
A13: 5.6 | B13: 0.05 | C13: 0.82 | D13: 7.6 | E13: =B13/100 -> 0.0005 | F13: =C13/100 -> 0.0082 | G13: =D13/100 -> 0.076
... A20: 6.4 | B20: 56.9 | C20: 81.03 | D20: 100 | E20: =B20/100 -> 0.569 | F20: =C20/100 -> 0.8103 | G20: =D20/100 -> 1
A21: 6.5 | B21: 43.4 | C21: 72.38 | E21: =B21/100 -> 0.434 | F21: =C21/100 -> 0.7238

Sheet 1_全壊率
A1: 計測震度 | B1: 全壊率 | D1: 基準化変数 | F1: 回帰直線 | H1: 回帰モデル
A2: 5.3 | B2: 0.02 | C2: =B2/100 -> 0.0002 | D2: =NORMSINV(C2) -> -3.5400838 | F2: a | G2: b | H2: 平均値-b/a | I2: 標準偏差
A3: 5.5 | B3: 0.05 | C3: =B3/100 -> 0.0005 | D3: =NORMSINV(C3) -> -3.2905267 | F3: =2.83 -> 2.83 | G3: =-18.6 -> -18.6 | H3: =-G3/F3 -> 6.5724382 | I3: =1/F3 -> 0.35335689
A4: 5.6 | B4: 0.05 | C4: =B4/100 -> 0.0005 | D4: =NORMSINV(C4) -> -3.2905267
A5: 5.7 | B5: 7.86 | C5: =B5/100 -> 0.0786 | D5: =NORMSINV(C5) -> -1.4145516
A6: 5.9 | B6: 5.85 | C6: =B6/100 -> 0.0585 | D6: =NORMSINV(C6) -> -1.5674909
A7: 6 | B7: 1.95 | C7: =B7/100 -> 0.0195 | D7: =NORMSINV(C7) -> -2.0641869
A8: 6.1 | B8: 8.71 | C8: =B8/100 -> 0.0871 | D8: =NORMSINV(C8) -> -1.3588315
A9: 6.3 | B9: 5.71 | C9: =B9/100 -> 0.0571 | D9: =NORMSINV(C9) -> -1.5795935
A10: 6.4 | B10: 56.9 | C10: =B10/100 -> 0.569 | D10: =NORMSINV(C10) -> 0.17382881
A11: 6.5 | B11: 43.4 | C11: =B11/100 -> 0.434 | D11: =NORMSINV(C11) -> -0.16619944

Sheet 2_全半壊率
A1: 計測震度 | B1: 全半壊率 | D1: 基準化変数 | F1: 回帰直線 | H1: 回帰モデル
A2: 5.1 | B2: 0.05 | C2: =B2/100 -> 0.0005 | D2: =NORMSINV(C2) -> -3.2905267 | F2: a | G2: b | H2: 平均値-b/a | I2: 標準偏差
A3: 5.3 | B3: 0.06 | C3: =B3/100 -> 0.0006 | D3: =NORMSINV(C3) -> -3.2388801 | F3: =2.9423 -> 2.9423 | G3: =-18.43 -> -18.43 | H3: =-G3/F3 -> 6.2638072 | I3: =1/F3 -> 0.33987017
A4: 5.2 | B4: 0.11 | C4: =B4/100 -> 0.0011 | D4: =NORMSINV(C4) -> -3.0618142
A5: 5.5 | B5: 0.61 | C5: =B5/100 -> 0.0061 | D5: =NORMSINV(C5) -> -2.506306
A6: 5.6 | B6: 0.82 | C6: =B6/100 -> 0.0082 | D6: =NORMSINV(C6) -> -2.39989
A7: 5.8 | B7: 3.6 | C7: =B7/100 -> 0.036 | D7: =NORMSINV(C7) -> -1.7991181
A8: 6 | B8: 12.99 | C8: =B8/100 -> 0.1299 | D8: =NORMSINV(C8) -> -1.126864
A9: 6.3 | B9: 28.57 | C9: =B9/100 -> 0.2857 | D9: =NORMSINV(C9) -> -0.56599085
A10: 5.9 | B10: 30.91 | C10: =B10/100 -> 0.3091 | D10: =NORMSINV(C10) -> -0.49840303
A11: 6.1 | B11: 35.04 | C11: =B11/100 -> 0.3504 | D11: =NORMSINV(C11) -> -0.38424077
A12: 5.7 | B12: 36.25 | C12: =B12/100 -> 0.3625 | D12: =NORMSINV(C12) -> -0.35178434
A13: 6.5 | B13: 72.38 | C13: =B13/100 -> 0.7238 | D13: =NORMSINV(C13) -> 0.59416763
A14: 6.4 | B14: 81.03 | C14: =B14/100 -> 0.8103 | D14: =NORMSINV(C14) -> 0.87900235

Sheet 3_一部損壊以上率
A1: 計測震度 | B1: 一部損壊以上率 | D1: 基準化変数 | F1: 回帰直線 | H1: 回帰モデル
A2: 4.8 | B2: 0.03 | C2: =B2/100 -> 0.0003 | D2: =NORMSINV(C2) -> -3.4316144 | F2: a | G2: b | H2: 平均値-b/a | I2: 標準偏差
A3: 4.7 | B3: 0.27 | C3: =B3/100 -> 0.0027 | D3: =NORMSINV(C3) -> -2.7821505 | F3: =2.2366 -> 2.2366 | G3: =-13.485 -> -13.485 | H3: =-G3/F3 -> 6.0292408 | I3: =1/F3 -> 0.44710722
A4: 4.5 | B4: 0.32 | C4: =B4/100 -> 0.0032 | D4: =NORMSINV(C4) -> -2.7265513
A5: 4.6 | B5: 0.32 | C5: =B5/100 -> 0.0032 | D5: =NORMSINV(C5) -> -2.7265513
A6: 4.9 | B6: 0.35 | C6: =B6/100 -> 0.0035 | D6: =NORMSINV(C6) -> -2.6968443
A7: 5.1 | B7: 0.42 | C7: =B7/100 -> 0.0042 | D7: =NORMSINV(C7) -> -2.6355542
A8: 5 | B8: 0.82 | C8: =B8/100 -> 0.0082 | D8: =NORMSINV(C8) -> -2.39989
A9: 5.2 | B9: 1.45 | C9: =B9/100 -> 0.0145 | D9: =NORMSINV(C9) -> -2.1834865
A10: 5.4 | B10: 5.06 | C10: =B10/100 -> 0.0506 | D10: =NORMSINV(C10) -> -1.6390637
A11: 5.3 | B11: 5.29 | C11: =B11/100 -> 0.0529 | D11: =NORMSINV(C11) -> -1.6173628
A12: 5.6 | B12: 7.6 | C12: =B12/100 -> 0.076 | D12: =NORMSINV(C12) -> -1.4325027
A13: 5.5 | B13: 11.54 | C13: =B13/100 -> 0.1154 | D13: =NORMSINV(C13) -> -1.1983006
A14: 5.8 | B14: 15.29 | C14: =B14/100 -> 0.1529 | D14: =NORMSINV(C14) -> -1.0240747
A15: 6 | B15: 39.61 | C15: =B15/100 -> 0.3961 | D15: =NORMSINV(C15) -> -0.26345487
... A18: 6.1 | B18: 66.2 | C18: =B18/100 -> 0.662 | D18: =NORMSINV(C18) -> 0.41792767

Sheet 4_フラジリティ曲線
A1: 計測震度 | B1: 全壊率 | C1: 全半壊率 | D1: 一部損壊以上率
A2: 4.5 | B2: =_xlfn.NORM.S.DIST(((A2)-'1_全壊率'!$H$3)/'1_全壊率'!$I$3, TRUE) -> 2.2456635e-09 | C2: =_xlfn.NORM.S.DIST(((A2)-'2_全半壊率'!$H$3)/'2_全半壊率'!$I$3, TRUE) -> 1.0534486e-07 | D2: =_xlfn.NORM.S.DIST(((A2)-'3_一部損壊以上率'!$H$3)/'3_一部損壊以上率'!$I$3, TRUE) -> 0.00031276056
A3: 4.6 | B3: =_xlfn.NORM.S.DIST(((A3)-'1_全壊率'!$H$3)/'1_全壊率'!$I$3, TRUE) -> 1.1888419e-08 | C3: =_xlfn.NORM.S.DIST(((A3)-'2_全半壊率'!$H$3)/'2_全半壊率'!$I$3, TRUE) -> 4.9047996e-07 | D3: =_xlfn.NORM.S.DIST(((A3)-'3_一部損壊以上率'!$H$3)/'3_一部損壊以上率'!$I$3, TRUE) -> 0.00069519168
A4: 4.7 | B4: =_xlfn.NORM.S.DIST(((A4)-'1_全壊率'!$H$3)/'1_全壊率'!$I$3, TRUE) -> 5.8219317e-08 | C4: =_xlfn.NORM.S.DIST(((A4)-'2_全半壊率'!$H$3)/'2_全半壊率'!$I$3, TRUE) -> 2.1004201e-06 | D4: =_xlfn.NORM.S.DIST(((A4)-'3_一部損壊以上率'!$H$3)/'3_一部損壊以上率'!$I$3, TRUE) -> 0.0014746183
A5: 4.8 | B5: =_xlfn.NORM.S.DIST(((A5)-'1_全壊率'!$H$3)/'1_全壊率'!$I$3, TRUE) -> 2.6379164e-07 | C5: =_xlfn.NORM.S.DIST(((A5)-'2_全半壊率'!$H$3)/'2_全半壊率'!$I$3, TRUE) -> 8.2756763e-06 | D5: =_xlfn.NORM.S.DIST(((A5)-'3_一部損壊以上率'!$H$3)/'3_一部損壊以上率'!$I$3, TRUE) -> 0.0029859526
A6: 4.9 | B6: =_xlfn.NORM.S.DIST(((A6)-'1_全壊率'!$H$3)/'1_全壊率'!$I$3, TRUE) -> 1.1061274e-06 | C6: =_xlfn.NORM.S.DIST(((A6)-'2_全半壊率'!$H$3)/'2_全半壊率'!$I$3, TRUE) -> 3.0010276e-05 | D6: =_xlfn.NORM.S.DIST(((A6)-'3_一部損壊以上率'!$H$3)/'3_一部損壊以上率'!$I$3, TRUE) -> 0.0057740591
A7: 5 | B7: =_xlfn.NORM.S.DIST(((A7)-'1_全壊率'!$H$3)/'1_全壊率'!$I$3, TRUE) -> 4.2935145e-06 | C7: =_xlfn.NORM.S.DIST(((A7)-'2_全半壊率'!$H$3)/'2_全半壊率'!$I$3, TRUE) -> 0.00010020465 | D7: =_xlfn.NORM.S.DIST(((A7)-'3_一部損壊以上率'!$H$3)/'3_一部損壊以上率'!$I$3, TRUE) -> 0.010667586
A8: 5.1 | B8: =_xlfn.NORM.S.DIST(((A8)-'1_全壊率'!$H$3)/'1_全壊率'!$I$3, TRUE) -> 1.5431725e-05 | C8: =_xlfn.NORM.S.DIST(((A8)-'2_全半壊率'!$H$3)/'2_全半壊率'!$I$3, TRUE) -> 0.00030822671 | D8: =_xlfn.NORM.S.DIST(((A8)-'3_一部損壊以上率'!$H$3)/'3_一部損壊以上率'!$I$3, TRUE) -> 0.018839027
A9: 5.2 | B9: =_xlfn.NORM.S.DIST(((A9)-'1_全壊率'!$H$3)/'1_全壊率'!$I$3, TRUE) -> 5.1375954e-05 | C9: =_xlfn.NORM.S.DIST(((A9)-'2_全半壊率'!$H$3)/'2_全半壊率'!$I$3, TRUE) -> 0.00087391251 | D9: =_xlfn.NORM.S.DIST(((A9)-'3_一部損壊以上率'!$H$3)/'3_一部損壊以上率'!$I$3, TRUE) -> 0.031820968
A10: 5.3 | B10: =_xlfn.NORM.S.DIST(((A10)-'1_全壊率'!$H$3)/'1_全壊率'!$I$3, TRUE) -> 0.00015849779 | C10: =_xlfn.NORM.S.DIST(((A10)-'2_全半壊率'!$H$3)/'2_全半壊率'!$I$3, TRUE) -> 0.0022854815 | D10: =_xlfn.NORM.S.DIST(((A10)-'3_一部損壊以上率'!$H$3)/'3_一部損壊以上率'!$I$3, TRUE) -> 0.05144305
A11: 5.4 | B11: =_xlfn.NORM.S.DIST(((A11)-'1_全壊率'!$H$3)/'1_全壊率'!$I$3, TRUE) -> 0.00045332242 | C11: =_xlfn.NORM.S.DIST(((A11)-'2_全半壊率'!$H$3)/'2_全半壊率'!$I$3, TRUE) -> 0.0055176345 | D11: =_xlfn.NORM.S.DIST(((A11)-'3_一部損壊以上率'!$H$3)/'3_一部損壊以上率'!$I$3, TRUE) -> 0.079660333
A12: 5.5 | B12: =_xlfn.NORM.S.DIST(((A12)-'1_全壊率'!$H$3)/'1_全壊率'!$I$3, TRUE) -> 0.0012026784 | C12: =_xlfn.NORM.S.DIST(((A12)-'2_全半壊率'!$H$3)/'2_全半壊率'!$I$3, TRUE) -> 0.012308834 | D12: =_xlfn.NORM.S.DIST(((A12)-'3_一部損壊以上率'!$H$3)/'3_一部損壊以上率'!$I$3, TRUE) -> 0.11826592
A13: 5.6 | B13: =_xlfn.NORM.S.DIST(((A13)-'1_全壊率'!$H$3)/'1_全壊率'!$I$3, TRUE) -> 0.002961626 | C13: =_xlfn.NORM.S.DIST(((A13)-'2_全半壊率'!$H$3)/'2_全半壊率'!$I$3, TRUE) -> 0.025402689 | D13: =_xlfn.NORM.S.DIST(((A13)-'3_一部損壊以上率'!$H$3)/'3_一部損壊以上率'!$I$3, TRUE) -> 0.16851754
... A27: 7 | B27: =_xlfn.NORM.S.DIST(((A27)-'1_全壊率'!$H$3)/'1_全壊率'!$I$3, TRUE) -> 0.88686055 | C27: =_xlfn.NORM.S.DIST(((A27)-'2_全半壊率'!$H$3)/'2_全半壊率'!$I$3, TRUE) -> 0.98484823 | D27: =_xlfn.NORM.S.DIST(((A27)-'3_一部損壊以上率'!$H$3)/'3_一部損壊以上率'!$I$3, TRUE) -> 0.98504197

Sheet 5_損失率曲線
A2: 被害区分 | B2: 全壊 | C2: 半壊 | D2: 一部損壊
A3: 損失率 | B3: 1 | C3: 0.9 | D3: 0.05
A5: 計測震度 | B5: 全壊率 | C5: 全半壊率 | D5: 一部損壊以上率 | E5: 全壊率 | F5: 半壊率 | G5: 一部損壊率 | H5: 無被害率 | I5: 損失率
A6: 0.1 | B6: =_xlfn.NORM.S.DIST(((A6)-'1_全壊率'!$H$3)/'1_全壊率'!$I$3, TRUE) -> 3.0280254e-75 | C6: =_xlfn.NORM.S.DIST(((A6)-'2_全半壊率'!$H$3)/'2_全半壊率'!$I$3, TRUE) -> 8.3176333e-74 | D6: =_xlfn.NORM.S.DIST(((A6)-'3_一部損壊以上率'!$H$3)/'3_一部損壊以上率'!$I$3, TRUE) -> 1.9395098e-40 | E6: =B6 -> 3.0280254e-75 | F6: =C6-B6 -> 8.0148308e-74 | G6: =D6-C6 -> 1.9395098e-40 | H6: =1-D6 -> 1 | I6: =E6*$B$3+F6*$C$3+G6*$D$3+H6*0 -> 9.6975491e-42
A7: 0.2 | B7: =_xlfn.NORM.S.DIST(((A7)-'1_全壊率'!$H$3)/'1_全壊率'!$I$3, TRUE) -> 5.2692334e-73 | C7: =_xlfn.NORM.S.DIST(((A7)-'2_全半壊率'!$H$3)/'2_全半壊率'!$I$3, TRUE) -> 1.6814923e-71 | D7: =_xlfn.NORM.S.DIST(((A7)-'3_一部損壊以上率'!$H$3)/'3_一部損壊以上率'!$I$3, TRUE) -> 3.7347754e-39 | E7: =B7 -> 5.2692334e-73 | F7: =C7-B7 -> 1.6287999e-71 | G7: =D7-C7 -> 3.7347754e-39 | H7: =1-D7 -> 1 | I7: =E7*$B$3+F7*$C$3+G7*$D$3+H7*0 -> 1.8673877e-40
A8: 0.3 | B8: =_xlfn.NORM.S.DIST(((A8)-'1_全壊率'!$H$3)/'1_全壊率'!$I$3, TRUE) -> 8.4656085e-71 | C8: =_xlfn.NORM.S.DIST(((A8)-'2_全半壊率'!$H$3)/'2_全半壊率'!$I$3, TRUE) -> 3.1182325e-69 | D8: =_xlfn.NORM.S.DIST(((A8)-'3_一部損壊以上率'!$H$3)/'3_一部損壊以上率'!$I$3, TRUE) -> 6.8428254e-38 | E8: =B8 -> 8.4656085e-71 | F8: =C8-B8 -> 3.0335764e-69 | G8: =D8-C8 -> 6.8428254e-38 | H8: =1-D8 -> 1 | I8: =E8*$B$3+F8*$C$3+G8*$D$3+H8*0 -> 3.4214127e-39
A9: 0.4 | B9: =_xlfn.NORM.S.DIST(((A9)-'1_全壊率'!$H$3)/'1_全壊率'!$I$3, TRUE) -> 1.2557265e-68 | C9: =_xlfn.NORM.S.DIST(((A9)-'2_全半壊率'!$H$3)/'2_全半壊率'!$I$3, TRUE) -> 5.3045004e-67 | D9: =_xlfn.NORM.S.DIST(((A9)-'3_一部損壊以上率'!$H$3)/'3_一部損壊以上率'!$I$3, TRUE) -> 1.1929139e-36 | E9: =B9 -> 1.2557265e-68 | F9: =C9-B9 -> 5.1789278e-67 | G9: =D9-C9 -> 1.1929139e-36 | H9: =1-D9 -> 1 | I9: =E9*$B$3+F9*$C$3+G9*$D$3+H9*0 -> 5.9645695e-38
A10: 0.5 | B10: =_xlfn.NORM.S.DIST(((A10)-'1_全壊率'!$H$3)/'1_全壊率'!$I$3, TRUE) -> 1.7197351e-66 | C10: =_xlfn.NORM.S.DIST(((A10)-'2_全半壊率'!$H$3)/'2_全半壊率'!$I$3, TRUE) -> 8.2776468e-65 | D10: =_xlfn.NORM.S.DIST(((A10)-'3_一部損壊以上率'!$H$3)/'3_一部損壊以上率'!$I$3, TRUE) -> 1.9787449e-35 | E10: =B10 -> 1.7197351e-66 | F10: =C10-B10 -> 8.1056733e-65 | G10: =D10-C10 -> 1.9787449e-35 | H10: =1-D10 -> 1 | I10: =E10*$B$3+F10*$C$3+G10*$D$3+H10*0 -> 9.8937247e-37
A11: 0.6 | B11: =_xlfn.NORM.S.DIST(((A11)-'1_全壊率'!$H$3)/'1_全壊率'!$I$3, TRUE) -> 2.1745095e-64 | C11: =_xlfn.NORM.S.DIST(((A11)-'2_全半壊率'!$H$3)/'2_全半壊率'!$I$3, TRUE) -> 1.1849498e-62 | D11: =_xlfn.NORM.S.DIST(((A11)-'3_一部損壊以上率'!$H$3)/'3_一部損壊以上率'!$I$3, TRUE) -> 3.1230739e-34 | E11: =B11 -> 2.1745095e-64 | F11: =C11-B11 -> 1.1632047e-62 | G11: =D11-C11 -> 3.1230739e-34 | H11: =1-D11 -> 1 | I11: =E11*$B$3+F11*$C$3+G11*$D$3+H11*0 -> 1.561537e-35
A12: 0.7 | B12: =_xlfn.NORM.S.DIST(((A12)-'1_全壊率'!$H$3)/'1_全壊率'!$I$3, TRUE) -> 2.5386226e-62 | C12: =_xlfn.NORM.S.DIST(((A12)-'2_全半壊率'!$H$3)/'2_全半壊率'!$I$3, TRUE) -> 1.5560665e-60 | D12: =_xlfn.NORM.S.DIST(((A12)-'3_一部損壊以上率'!$H$3)/'3_一部損壊以上率'!$I$3, TRUE) -> 4.6901997e-33 | E12: =B12 -> 2.5386226e-62 | F12: =C12-B12 -> 1.5306803e-60 | G12: =D12-C12 -> 4.6901997e-33 | H12: =1-D12 -> 1 | I12: =E12*$B$3+F12*$C$3+G12*$D$3+H12*0 -> 2.3450998e-34
A13: 0.8 | B13: =_xlfn.NORM.S.DIST(((A13)-'1_全壊率'!$H$3)/'1_全壊率'!$I$3, TRUE) -> 2.7363777e-60 | C13: =_xlfn.NORM.S.DIST(((A13)-'2_全半壊率'!$H$3)/'2_全半壊率'!$I$3, TRUE) -> 1.8745463e-58 | D13: =_xlfn.NORM.S.DIST(((A13)-'3_一部損壊以上率'!$H$3)/'3_一部損壊以上率'!$I$3, TRUE) -> 6.7022739e-32 | E13: =B13 -> 2.7363777e-60 | F13: =C13-B13 -> 1.8471825e-58 | G13: =D13-C13 -> 6.7022739e-32 | H13: =1-D13 -> 1 | I13: =E13*$B$3+F13*$C$3+G13*$D$3+H13*0 -> 3.351137e-33
A14: 0.9 | B14: =_xlfn.NORM.S.DIST(((A14)-'1_全壊率'!$H$3)/'1_全壊率'!$I$3, TRUE) -> 2.7233236e-58 | C14: =_xlfn.NORM.S.DIST(((A14)-'2_全半壊率'!$H$3)/'2_全半壊率'!$I$3, TRUE) -> 2.0716147e-56 | D14: =_xlfn.NORM.S.DIST(((A14)-'3_一部損壊以上率'!$H$3)/'3_一部損壊以上率'!$I$3, TRUE) -> 9.1133958e-31 | E14: =B14 -> 2.7233236e-58 | F14: =C14-B14 -> 2.0443815e-56 | G14: =D14-C14 -> 9.1133958e-31 | H14: =1-D14 -> 1 | I14: =E14*$B$3+F14*$C$3+G14*$D$3+H14*0 -> 4.5566979e-32
A15: 1 | B15: =_xlfn.NORM.S.DIST(((A15)-'1_全壊率'!$H$3)/'1_全壊率'!$I$3, TRUE) -> 2.5024891e-56 | C15: =_xlfn.NORM.S.DIST(((A15)-'2_全半壊率'!$H$3)/'2_全半壊率'!$I$3, TRUE) -> 2.1002541e-54 | D15: =_xlfn.NORM.S.DIST(((A15)-'3_一部損壊以上率'!$H$3)/'3_一部損壊以上率'!$I$3, TRUE) -> 1.179156e-29 | E15: =B15 -> 2.5024891e-56 | F15: =C15-B15 -> 2.0752292e-54 | G15: =D15-C15 -> 1.179156e-29 | H15: =1-D15 -> 1 | I15: =E15*$B$3+F15*$C$3+G15*$D$3+H15*0 -> 5.8957798e-31
A16: 1.1 | B16: =_xlfn.NORM.S.DIST(((A16)-'1_全壊率'!$H$3)/'1_全壊率'!$I$3, TRUE) -> 2.1232423e-54 | C16: =_xlfn.NORM.S.DIST(((A16)-'2_全半壊率'!$H$3)/'2_全半壊率'!$I$3, TRUE) -> 1.9533957e-52 | D16: =_xlfn.NORM.S.DIST(((A16)-'3_一部損壊以上率'!$H$3)/'3_一部損壊以上率'!$I$3, TRUE) -> 1.4517816e-28 | E16: =B16 -> 2.1232423e-54 | F16: =C16-B16 -> 1.9321632e-52 | G16: =D16-C16 -> 1.4517816e-28 | H16: =1-D16 -> 1 | I16: =E16*$B$3+F16*$C$3+G16*$D$3+H16*0 -> 7.2589082e-30
A17: 1.2 | B17: =_xlfn.NORM.S.DIST(((A17)-'1_全壊率'!$H$3)/'1_全壊率'!$I$3, TRUE) -> 1.6633599e-52 | C17: =_xlfn.NORM.S.DIST(((A17)-'2_全半壊率'!$H$3)/'2_全半壊率'!$I$3, TRUE) -> 1.6667481e-50 | D17: =_xlfn.NORM.S.DIST(((A17)-'3_一部損壊以上率'!$H$3)/'3_一部損壊以上率'!$I$3, TRUE) -> 1.7008922e-27 | E17: =B17 -> 1.6633599e-52 | F17: =C17-B17 -> 1.6501145e-50 | G17: =D17-C17 -> 1.7008922e-27 | H17: =1-D17 -> 1 | I17: =E17*$B$3+F17*$C$3+G17*$D$3+H17*0 -> 8.5044611e-29
... A75: 7 | B75: =_xlfn.NORM.S.DIST(((A75)-'1_全壊率'!$H$3)/'1_全壊率'!$I$3, TRUE) -> 0.88686055 | C75: =_xlfn.NORM.S.DIST(((A75)-'2_全半壊率'!$H$3)/'2_全半壊率'!$I$3, TRUE) -> 0.98484823 | D75: =_xlfn.NORM.S.DIST(((A75)-'3_一部損壊以上率'!$H$3)/'3_一部損壊以上率'!$I$3, TRUE) -> 0.98504197 | E75: =B75 -> 0.88686055 | F75: =C75-B75 -> 0.097987673 | G75: =D75-C75 -> 0.00019374442 | H75: =1-D75 -> 0.014958029 | I75: =E75*$B$3+F75*$C$3+G75*$D$3+H75*0 -> 0.97505915
