Workbook

Sheet データ
A1: 計測雹サイズ | B1: 全損率 | C1: へこみ(重度)以上率 | D1: へこみ(軽度)以上率 | E1: 全壊率 | F1: 全半壊率 | G1: 一部損壊以上率
A2: 1 | B2: 0 | C2: 0 | D2: 0 | E2: =B2 -> 0 | F2: =C2 -> 0 | G2: =D2 -> 0
A3: 1.95 | B3: 0 | C3: 0 | D3: 0.18 | E3: =B3 -> 0 | F3: =C3 -> 0 | G3: =D3 -> 0.18
A4: 3.95 | B4: 0.1 | C4: 0.2 | D4: 0.54 | E4: =B4 -> 0.1 | F4: =C4 -> 0.2 | G4: =D4 -> 0.54
A5: 5.95 | B5: 0.3 | C5: 0.6 | D5: 0.85 | E5: =B5 -> 0.3 | F5: =C5 -> 0.6 | G5: =D5 -> 0.85
A6: 10 | B6: 0.39 | C6: 0.79 | D6: 0.9 | E6: =B6 -> 0.39 | F6: =C6 -> 0.79 | G6: =D6 -> 0.9
A7: 13 | B7: 1 | C7: 1 | D7: 1 | E7: =B7 -> 1 | F7: =C7 -> 1 | G7: =D7 -> 1

Sheet 1_全損率
A1: 計測雹サイズ | B1: 全壊率 | C1: 基準化変数 | E1: 回帰直線 | G1: 回帰モデル
A2: 3.95 | B2: 0.1 | C2: =NORMSINV(B2) -> -1.2815516 | E2: a | F2: b | G2: 平均値-b/a | H2: 標準偏差
A3: 5.95 | B3: 0.3 | C3: =NORMSINV(B3) -> -0.52440051 | E3: =0.1503 -> 0.1503 | F3: =-1.6924 -> -1.6924 | G3: =-F3/E3 -> 11.260146 | H3: =1/E3 -> 6.6533599
A4: 10 | B4: 0.39 | C4: =NORMSINV(B4) -> -0.27931903

Sheet 2_全半壊率
A1: 計測震度 | B1: 全半壊率 | C1: 基準化変数 | E1: 回帰直線 | G1: 回帰モデル
A2: 3.95 | B2: 0.2 | C2: =NORMSINV(B2) -> -0.84162123 | E2: a | F2: b | G2: 平均値-b/a | H2: 標準偏差
A3: 5.95 | B3: 0.6 | C3: =NORMSINV(B3) -> 0.2533471 | E3: =0.2526 -> 0.2526 | F3: =-1.603 -> -1.603 | G3: =-F3/E3 -> 6.3460016 | H3: =1/E3 -> 3.9588282
A4: 10 | B4: 0.79 | C4: =NORMSINV(B4) -> 0.80642125

Sheet 3_一部損壊以上率
A1: 計測震度 | B1: 一部損壊以上率 | C1: 基準化変数 | E1: 回帰直線 | G1: 回帰モデル
A2: 1.95 | B2: 0.18 | C2: =NORMSINV(B2) -> -0.91536509 | E2: a | F2: b | G2: 平均値-b/a | H2: 標準偏差
A3: 3.95 | B3: 0.54 | C3: =NORMSINV(B3) -> 0.10043372 | E3: =0.2647 -> 0.2647 | F3: =-1.0701 -> -1.0701 | G3: =-F3/E3 -> 4.0426898 | H3: =1/E3 -> 3.7778617
A4: 5.95 | B4: 0.85 | C4: =NORMSINV(B4) -> 1.0364334
A5: 10 | B5: 0.9 | C5: =NORMSINV(B5) -> 1.2815516

Sheet 4_フラジリティ曲線
A1: 計測震度 | B1: 全壊率 | C1: 全半壊率 | D1: 一部損壊以上率
A2: 0.1 | B2: =_xlfn.NORM.S.DIST(((A2)-'1_全損率'!$G$3)/'1_全損率'!$H$3, TRUE) -> 0.046735076 | C2: =_xlfn.NORM.S.DIST(((A2)-'2_全半壊率'!$G$3)/'2_全半壊率'!$H$3, TRUE) -> 0.057312676 | D2: =_xlfn.NORM.S.DIST(((A2)-'3_一部損壊以上率'!$G$3)/'3_一部損壊以上率'!$H$3, TRUE) -> 0.1483283
A3: 0.2 | B3: =_xlfn.NORM.S.DIST(((A3)-'1_全損率'!$G$3)/'1_全損率'!$H$3, TRUE) -> 0.048222311 | C3: =_xlfn.NORM.S.DIST(((A3)-'2_全半壊率'!$G$3)/'2_全半壊率'!$H$3, TRUE) -> 0.060273707 | D3: =_xlfn.NORM.S.DIST(((A3)-'3_一部損壊以上率'!$G$3)/'3_一部損壊以上率'!$H$3, TRUE) -> 0.15453866
A4: 0.3 | B4: =_xlfn.NORM.S.DIST(((A4)-'1_全損率'!$G$3)/'1_全損率'!$H$3, TRUE) -> 0.049747172 | C4: =_xlfn.NORM.S.DIST(((A4)-'2_全半壊率'!$G$3)/'2_全半壊率'!$H$3, TRUE) -> 0.063353157 | D4: =_xlfn.NORM.S.DIST(((A4)-'3_一部損壊以上率'!$G$3)/'3_一部損壊以上率'!$H$3, TRUE) -> 0.16091849
A5: 0.4 | B5: =_xlfn.NORM.S.DIST(((A5)-'1_全損率'!$G$3)/'1_全損率'!$H$3, TRUE) -> 0.051310257 | C5: =_xlfn.NORM.S.DIST(((A5)-'2_全半壊率'!$G$3)/'2_全半壊率'!$H$3, TRUE) -> 0.06655372 | D5: =_xlfn.NORM.S.DIST(((A5)-'3_一部損壊以上率'!$G$3)/'3_一部損壊以上率'!$H$3, TRUE) -> 0.16746782
A6: 0.5 | B6: =_xlfn.NORM.S.DIST(((A6)-'1_全損率'!$G$3)/'1_全損率'!$H$3, TRUE) -> 0.052912164 | C6: =_xlfn.NORM.S.DIST(((A6)-'2_全半壊率'!$G$3)/'2_全半壊率'!$H$3, TRUE) -> 0.069878036 | D6: =_xlfn.NORM.S.DIST(((A6)-'3_一部損壊以上率'!$G$3)/'3_一部損壊以上率'!$H$3, TRUE) -> 0.17418645
A7: 0.6 | B7: =_xlfn.NORM.S.DIST(((A7)-'1_全損率'!$G$3)/'1_全損率'!$H$3, TRUE) -> 0.054553484 | C7: =_xlfn.NORM.S.DIST(((A7)-'2_全半壊率'!$G$3)/'2_全半壊率'!$H$3, TRUE) -> 0.073328689 | D7: =_xlfn.NORM.S.DIST(((A7)-'3_一部損壊以上率'!$G$3)/'3_一部損壊以上率'!$H$3, TRUE) -> 0.18107393
A8: 0.7 | B8: =_xlfn.NORM.S.DIST(((A8)-'1_全損率'!$G$3)/'1_全損率'!$H$3, TRUE) -> 0.056234809 | C8: =_xlfn.NORM.S.DIST(((A8)-'2_全半壊率'!$G$3)/'2_全半壊率'!$H$3, TRUE) -> 0.076908196 | D8: =_xlfn.NORM.S.DIST(((A8)-'3_一部損壊以上率'!$G$3)/'3_一部損壊以上率'!$H$3, TRUE) -> 0.18812956
A9: 0.8 | B9: =_xlfn.NORM.S.DIST(((A9)-'1_全損率'!$G$3)/'1_全損率'!$H$3, TRUE) -> 0.057956725 | C9: =_xlfn.NORM.S.DIST(((A9)-'2_全半壊率'!$G$3)/'2_全半壊率'!$H$3, TRUE) -> 0.080618999 | D9: =_xlfn.NORM.S.DIST(((A9)-'3_一部損壊以上率'!$G$3)/'3_一部損壊以上率'!$H$3, TRUE) -> 0.19535237
A10: 0.9 | B10: =_xlfn.NORM.S.DIST(((A10)-'1_全損率'!$G$3)/'1_全損率'!$H$3, TRUE) -> 0.059719812 | C10: =_xlfn.NORM.S.DIST(((A10)-'2_全半壊率'!$G$3)/'2_全半壊率'!$H$3, TRUE) -> 0.084463461 | D10: =_xlfn.NORM.S.DIST(((A10)-'3_一部損壊以上率'!$G$3)/'3_一部損壊以上率'!$H$3, TRUE) -> 0.20274116
A11: 1 | B11: =_xlfn.NORM.S.DIST(((A11)-'1_全損率'!$G$3)/'1_全損率'!$H$3, TRUE) -> 0.061524647 | C11: =_xlfn.NORM.S.DIST(((A11)-'2_全半壊率'!$G$3)/'2_全半壊率'!$H$3, TRUE) -> 0.088443855 | D11: =_xlfn.NORM.S.DIST(((A11)-'3_一部損壊以上率'!$G$3)/'3_一部損壊以上率'!$H$3, TRUE) -> 0.21029445
A12: 1.1 | B12: =_xlfn.NORM.S.DIST(((A12)-'1_全損率'!$G$3)/'1_全損率'!$H$3, TRUE) -> 0.063371803 | C12: =_xlfn.NORM.S.DIST(((A12)-'2_全半壊率'!$G$3)/'2_全半壊率'!$H$3, TRUE) -> 0.092562361 | D12: =_xlfn.NORM.S.DIST(((A12)-'3_一部損壊以上率'!$G$3)/'3_一部損壊以上率'!$H$3, TRUE) -> 0.21801048
A13: 1.2 | B13: =_xlfn.NORM.S.DIST(((A13)-'1_全損率'!$G$3)/'1_全損率'!$H$3, TRUE) -> 0.065261844 | C13: =_xlfn.NORM.S.DIST(((A13)-'2_全半壊率'!$G$3)/'2_全半壊率'!$H$3, TRUE) -> 0.09682105 | D13: =_xlfn.NORM.S.DIST(((A13)-'3_一部損壊以上率'!$G$3)/'3_一部損壊以上率'!$H$3, TRUE) -> 0.22588724
... A131: 13 | B131: =_xlfn.NORM.S.DIST(((A131)-'1_全損率'!$G$3)/'1_全損率'!$H$3, TRUE) -> 0.60314653 | C131: =_xlfn.NORM.S.DIST(((A131)-'2_全半壊率'!$G$3)/'2_全半壊率'!$H$3, TRUE) -> 0.95359912 | D131: =_xlfn.NORM.S.DIST(((A131)-'3_一部損壊以上率'!$G$3)/'3_一部損壊以上率'!$H$3, TRUE) -> 0.99112998

Sheet 5_損失率曲線
A2: 被害区分 | B2: 全壊 | C2: 半壊 | D2: 一部損壊
A3: 損失率 | B3: 1 | C3: 0.5 | D3: 0.25
A5: 計測雹サイズ | B5: 全壊率 | C5: 全半壊率 | D5: 一部損壊以上率 | E5: 全壊率 | F5: 半壊率 | G5: 一部損壊率 | H5: 無被害率 | I5: 損失率
A6: 0.1 | B6: =_xlfn.NORM.S.DIST(((A6)-'1_全損率'!$G$3)/'1_全損率'!$H$3, TRUE) -> 0.046735076 | C6: =_xlfn.NORM.S.DIST(((A6)-'2_全半壊率'!$G$3)/'2_全半壊率'!$H$3, TRUE) -> 0.057312676 | D6: =_xlfn.NORM.S.DIST(((A6)-'3_一部損壊以上率'!$G$3)/'3_一部損壊以上率'!$H$3, TRUE) -> 0.1483283 | E6: =B6 -> 0.046735076 | F6: =C6-B6 -> 0.0105776 | G6: =D6-C6 -> 0.091015627 | H6: =1-D6 -> 0.8516717 | I6: =E6*$B$3+F6*$C$3+G6*$D$3+H6*0 -> 0.074777783
A7: 0.2 | B7: =_xlfn.NORM.S.DIST(((A7)-'1_全損率'!$G$3)/'1_全損率'!$H$3, TRUE) -> 0.048222311 | C7: =_xlfn.NORM.S.DIST(((A7)-'2_全半壊率'!$G$3)/'2_全半壊率'!$H$3, TRUE) -> 0.060273707 | D7: =_xlfn.NORM.S.DIST(((A7)-'3_一部損壊以上率'!$G$3)/'3_一部損壊以上率'!$H$3, TRUE) -> 0.15453866 | E7: =B7 -> 0.048222311 | F7: =C7-B7 -> 0.012051396 | G7: =D7-C7 -> 0.094264953 | H7: =1-D7 -> 0.84546134 | I7: =E7*$B$3+F7*$C$3+G7*$D$3+H7*0 -> 0.077814247
A8: 0.3 | B8: =_xlfn.NORM.S.DIST(((A8)-'1_全損率'!$G$3)/'1_全損率'!$H$3, TRUE) -> 0.049747172 | C8: =_xlfn.NORM.S.DIST(((A8)-'2_全半壊率'!$G$3)/'2_全半壊率'!$H$3, TRUE) -> 0.063353157 | D8: =_xlfn.NORM.S.DIST(((A8)-'3_一部損壊以上率'!$G$3)/'3_一部損壊以上率'!$H$3, TRUE) -> 0.16091849 | E8: =B8 -> 0.049747172 | F8: =C8-B8 -> 0.013605986 | G8: =D8-C8 -> 0.09756533 | H8: =1-D8 -> 0.83908151 | I8: =E8*$B$3+F8*$C$3+G8*$D$3+H8*0 -> 0.080941497
A9: 0.4 | B9: =_xlfn.NORM.S.DIST(((A9)-'1_全損率'!$G$3)/'1_全損率'!$H$3, TRUE) -> 0.051310257 | C9: =_xlfn.NORM.S.DIST(((A9)-'2_全半壊率'!$G$3)/'2_全半壊率'!$H$3, TRUE) -> 0.06655372 | D9: =_xlfn.NORM.S.DIST(((A9)-'3_一部損壊以上率'!$G$3)/'3_一部損壊以上率'!$H$3, TRUE) -> 0.16746782 | E9: =B9 -> 0.051310257 | F9: =C9-B9 -> 0.015243463 | G9: =D9-C9 -> 0.1009141 | H9: =1-D9 -> 0.83253218 | I9: =E9*$B$3+F9*$C$3+G9*$D$3+H9*0 -> 0.084160513
A10: 0.5 | B10: =_xlfn.NORM.S.DIST(((A10)-'1_全損率'!$G$3)/'1_全損率'!$H$3, TRUE) -> 0.052912164 | C10: =_xlfn.NORM.S.DIST(((A10)-'2_全半壊率'!$G$3)/'2_全半壊率'!$H$3, TRUE) -> 0.069878036 | D10: =_xlfn.NORM.S.DIST(((A10)-'3_一部損壊以上率'!$G$3)/'3_一部損壊以上率'!$H$3, TRUE) -> 0.17418645 | E10: =B10 -> 0.052912164 | F10: =C10-B10 -> 0.016965872 | G10: =D10-C10 -> 0.10430841 | H10: =1-D10 -> 0.82581355 | I10: =E10*$B$3+F10*$C$3+G10*$D$3+H10*0 -> 0.087472204
A11: 0.6 | B11: =_xlfn.NORM.S.DIST(((A11)-'1_全損率'!$G$3)/'1_全損率'!$H$3, TRUE) -> 0.054553484 | C11: =_xlfn.NORM.S.DIST(((A11)-'2_全半壊率'!$G$3)/'2_全半壊率'!$H$3, TRUE) -> 0.073328689 | D11: =_xlfn.NORM.S.DIST(((A11)-'3_一部損壊以上率'!$G$3)/'3_一部損壊以上率'!$H$3, TRUE) -> 0.18107393 | E11: =B11 -> 0.054553484 | F11: =C11-B11 -> 0.018775205 | G11: =D11-C11 -> 0.10774524 | H11: =1-D11 -> 0.81892607 | I11: =E11*$B$3+F11*$C$3+G11*$D$3+H11*0 -> 0.090877397
A12: 0.7 | B12: =_xlfn.NORM.S.DIST(((A12)-'1_全損率'!$G$3)/'1_全損率'!$H$3, TRUE) -> 0.056234809 | C12: =_xlfn.NORM.S.DIST(((A12)-'2_全半壊率'!$G$3)/'2_全半壊率'!$H$3, TRUE) -> 0.076908196 | D12: =_xlfn.NORM.S.DIST(((A12)-'3_一部損壊以上率'!$G$3)/'3_一部損壊以上率'!$H$3, TRUE) -> 0.18812956 | E12: =B12 -> 0.056234809 | F12: =C12-B12 -> 0.020673386 | G12: =D12-C12 -> 0.11122136 | H12: =1-D12 -> 0.81187044 | I12: =E12*$B$3+F12*$C$3+G12*$D$3+H12*0 -> 0.094376843
A13: 0.8 | B13: =_xlfn.NORM.S.DIST(((A13)-'1_全損率'!$G$3)/'1_全損率'!$H$3, TRUE) -> 0.057956725 | C13: =_xlfn.NORM.S.DIST(((A13)-'2_全半壊率'!$G$3)/'2_全半壊率'!$H$3, TRUE) -> 0.080618999 | D13: =_xlfn.NORM.S.DIST(((A13)-'3_一部損壊以上率'!$G$3)/'3_一部損壊以上率'!$H$3, TRUE) -> 0.19535237 | E13: =B13 -> 0.057956725 | F13: =C13-B13 -> 0.022662274 | G13: =D13-C13 -> 0.11473338 | H13: =1-D13 -> 0.80464763 | I13: =E13*$B$3+F13*$C$3+G13*$D$3+H13*0 -> 0.097971206
A14: 0.9 | B14: =_xlfn.NORM.S.DIST(((A14)-'1_全損率'!$G$3)/'1_全損率'!$H$3, TRUE) -> 0.059719812 | C14: =_xlfn.NORM.S.DIST(((A14)-'2_全半壊率'!$G$3)/'2_全半壊率'!$H$3, TRUE) -> 0.084463461 | D14: =_xlfn.NORM.S.DIST(((A14)-'3_一部損壊以上率'!$G$3)/'3_一部損壊以上率'!$H$3, TRUE) -> 0.20274116 | E14: =B14 -> 0.059719812 | F14: =C14-B14 -> 0.024743649 | G14: =D14-C14 -> 0.1182777 | H14: =1-D14 -> 0.79725884 | I14: =E14*$B$3+F14*$C$3+G14*$D$3+H14*0 -> 0.10166106
A15: 1 | B15: =_xlfn.NORM.S.DIST(((A15)-'1_全損率'!$G$3)/'1_全損率'!$H$3, TRUE) -> 0.061524647 | C15: =_xlfn.NORM.S.DIST(((A15)-'2_全半壊率'!$G$3)/'2_全半壊率'!$H$3, TRUE) -> 0.088443855 | D15: =_xlfn.NORM.S.DIST(((A15)-'3_一部損壊以上率'!$G$3)/'3_一部損壊以上率'!$H$3, TRUE) -> 0.21029445 | E15: =B15 -> 0.061524647 | F15: =C15-B15 -> 0.026919208 | G15: =D15-C15 -> 0.12185059 | H15: =1-D15 -> 0.78970555 | I15: =E15*$B$3+F15*$C$3+G15*$D$3+H15*0 -> 0.1054469
A16: 1.1 | B16: =_xlfn.NORM.S.DIST(((A16)-'1_全損率'!$G$3)/'1_全損率'!$H$3, TRUE) -> 0.063371803 | C16: =_xlfn.NORM.S.DIST(((A16)-'2_全半壊率'!$G$3)/'2_全半壊率'!$H$3, TRUE) -> 0.092562361 | D16: =_xlfn.NORM.S.DIST(((A16)-'3_一部損壊以上率'!$G$3)/'3_一部損壊以上率'!$H$3, TRUE) -> 0.21801048 | E16: =B16 -> 0.063371803 | F16: =C16-B16 -> 0.029190558 | G16: =D16-C16 -> 0.12544811 | H16: =1-D16 -> 0.78198952 | I16: =E16*$B$3+F16*$C$3+G16*$D$3+H16*0 -> 0.10932911
A17: 1.2 | B17: =_xlfn.NORM.S.DIST(((A17)-'1_全損率'!$G$3)/'1_全損率'!$H$3, TRUE) -> 0.065261844 | C17: =_xlfn.NORM.S.DIST(((A17)-'2_全半壊率'!$G$3)/'2_全半壊率'!$H$3, TRUE) -> 0.09682105 | D17: =_xlfn.NORM.S.DIST(((A17)-'3_一部損壊以上率'!$G$3)/'3_一部損壊以上率'!$H$3, TRUE) -> 0.22588724 | E17: =B17 -> 0.065261844 | F17: =C17-B17 -> 0.031559207 | G17: =D17-C17 -> 0.12906619 | H17: =1-D17 -> 0.77411276 | I17: =E17*$B$3+F17*$C$3+G17*$D$3+H17*0 -> 0.11330799
... A205: 20 | B205: =_xlfn.NORM.S.DIST(((A205)-'1_全損率'!$G$3)/'1_全損率'!$H$3, TRUE) -> 0.90550958 | C205: =_xlfn.NORM.S.DIST(((A205)-'2_全半壊率'!$G$3)/'2_全半壊率'!$H$3, TRUE) -> 0.99971867 | D205: =_xlfn.NORM.S.DIST(((A205)-'3_一部損壊以上率'!$G$3)/'3_一部損壊以上率'!$H$3, TRUE) -> 0.99998799 | E205: =B205 -> 0.90550958 | F205: =C205-B205 -> 0.094209091 | G205: =D205-C205 -> 0.00026932782 | H205: =1-D205 -> 1.2005531e-05 | I205: =E205*$B$3+F205*$C$3+G205*$D$3+H205*0 -> 0.95268145
